syllabs per word,words count,letters in syllab
0,1766,5.12004530011325
1,3003,4.146520146520147
2,16237,2.971885200468067
3,24514,2.6657012319490905
4,17887,2.514745345781853
5,8176,2.4073385518591
6,2971,2.313699091215079
7,714,2.216286514605842
8,161,2.152173913043478
9,25,2.1822222222222223
10,2,2.2
11,1,1.7272727272727273
12,0,0.0
13,1,2.3076923076923075
14,0,0.0
15,0,0.0
16,0,0.0
17,0,0.0
18,0,0.0
19,0,0.0
20,1,2.45
